open_time,open,high,low,close,volume,close_time,quote_asset_volume,num_trades,taker_buy_base,taker_buy_quote,ignore,fg_index
2024-05-01,0.06373,0.06441,0.0587,0.06367,44879947.9,1714607999999,2772365.141598,34898,22073401.2,1363123.121415,0,0.54
2024-05-02,0.06362,0.06581,0.0612,0.06476,26924760.3,1714694399999,1720801.67036,19408,13858752.0,885049.78694,0,0.43
2024-05-03,0.06477,0.06952,0.06393,0.06854,34285015.3,1714780799999,2280447.798896,24343,17338521.0,1153513.48301,0,0.48
2024-05-04,0.06855,0.06947,0.06791,0.0683,20200356.2,1714867199999,1386956.389812,17578,9862560.6,676623.482713,0,0.67
2024-05-05,0.06834,0.07096,0.0668,0.06951,25920961.4,1714953599999,1790570.99845,20583,11896445.9,821700.329756,0,0.69
2024-05-06,0.0695,0.07172,0.06793,0.06819,28864918.8,1715039999999,2006353.861617,24424,13739341.0,955183.758508,0,0.71
2024-05-07,0.06821,0.07016,0.06675,0.06686,26068569.6,1715126399999,1785454.206952,19862,12220934.6,836756.32233,0,0.68
2024-05-08,0.06681,0.0726,0.06488,0.06779,71321267.3,1715212799999,4934766.404981,55148,36936748.6,2563056.283009,0,0.64
2024-05-09,0.06782,0.07092,0.06554,0.06964,45602623.0,1715299199999,3126121.398467,34243,22322061.6,1528589.744439,0,0.55
2024-05-10,0.06968,0.07052,0.06445,0.06543,37263018.2,1715385599999,2502716.929713,31672,16179633.4,1089113.824171,0,0.66
2024-05-11,0.06547,0.07885,0.06523,0.07382,266665802.4,1715471999999,19477423.639474,207646,138383949.1,10101442.226569,0,0.53
2024-05-12,0.07384,0.07651,0.07067,0.07309,174041107.7,1715558399999,12715961.700841,182180,87038274.8,6362026.472829,0,0.56
2024-05-13,0.07312,0.074,0.0683,0.06929,65231982.8,1715644799999,4630065.858485,45311,29328127.1,2080519.902237,0,0.57
2024-05-14,0.06931,0.07428,0.06711,0.06748,61110316.9,1715731199999,4344005.70132,53842,29404189.2,2092058.774274,0,0.66
2024-05-15,0.06751,0.07737,0.06729,0.0722,136861884.8,1715817599999,9899357.395812,106974,68457329.5,4942449.021983,0,0.64
2024-05-16,0.07218,0.07389,0.06927,0.07043,48045458.2,1715903999999,3430698.680812,30359,24562275.4,1753791.129069,0,0.7
2024-05-17,0.07049,0.07316,0.06865,0.07172,34529337.6,1715990399999,2463641.010437,25338,16426007.5,1174924.4809,0,0.74
2024-05-18,0.07171,0.07293,0.07061,0.07148,18987152.6,1716076799999,1366492.651819,14934,9496957.9,684001.872793,0,0.73
2024-05-19,0.07144,0.07181,0.06756,0.06831,18558880.8,1716163199999,1287370.36411,16428,7379997.0,512172.898246,0,0.72
2024-05-20,0.06833,0.07402,0.06674,0.07384,38313932.2,1716249599999,2711941.433675,35419,21155433.9,1502861.884341,0,0.7
2024-05-21,0.07387,0.07524,0.0725,0.07343,34785328.2,1716335999999,2574945.548603,33753,17228856.8,1275830.289731,0,0.76
2024-05-22,0.07347,0.07387,0.07068,0.07239,22686235.0,1716422399999,1642289.35006,24081,10739949.0,778046.196006,0,0.76
2024-05-23,0.07242,0.07372,0.06769,0.0708,36820753.4,1716508799999,2621613.209771,40472,18873993.6,1343018.19763,0,0.76
2024-05-24,0.07083,0.07196,0.06813,0.07099,21285726.9,1716595199999,1488420.488365,19586,10347025.4,723736.947605,0,0.74
2024-05-25,0.071,0.07328,0.07081,0.07213,22669899.8,1716681599999,1639453.284972,17427,10996255.3,794585.716814,0,0.76
2024-05-26,0.07212,0.07218,0.0696,0.07032,15572468.5,1716767999999,1102601.107823,12584,6271226.3,444052.900498,0,0.75
2024-05-27,0.07035,0.07373,0.07024,0.07334,27884095.9,1716854399999,2011484.024738,25160,16061752.9,1158118.448096,0,0.74
2024-05-28,0.07332,0.07736,0.0707,0.07585,131086266.0,1716940799999,9826844.803207,106488,65987965.6,4948129.964874,0,0.72
2024-05-29,0.07587,0.08471,0.07487,0.07534,174248493.4,1717027199999,13863195.360671,144335,84983409.2,6776516.590136,0,0.72
2024-05-30,0.07538,0.08152,0.07288,0.07805,118112673.6,1717113599999,9142726.970281,95099,57217714.9,4436027.462495,0,0.73
2024-05-31,0.07805,0.07886,0.07574,0.07746,34135899.4,1717199999999,2640207.417901,30867,14746090.9,1142393.868088,0,0.73
2024-06-01,0.07744,0.07773,0.07561,0.07593,16824268.1,1717286399999,1283648.097943,12696,8154724.3,622464.487787,0,0.72
2024-06-02,0.0759,0.07643,0.07286,0.07349,22238588.1,1717372799999,1660834.409976,21004,10192880.2,760566.616066,0,0.73
2024-06-03,0.07351,0.0795,0.07289,0.07919,56902711.0,1717459199999,4373512.720165,50831,29840783.4,2294757.542048,0,0.73
2024-06-04,0.07918,0.08176,0.07693,0.07807,100719154.1,1717545599999,7950509.366937,91279,43152409.9,3408190.052049,0,0.73
2024-06-05,0.07806,0.07895,0.07753,0.07807,26870367.9,1717631999999,2105145.298518,22003,11845525.9,927938.111692,0,0.75
2024-06-06,0.07808,0.07822,0.07511,0.07593,45137807.3,1717718399999,3457041.455683,37378,28732468.7,2200372.252313,0,0.78
2024-06-07,0.07593,0.07717,0.06163,0.06772,60275268.2,1717804799999,4270446.920082,61232,30657878.0,2175336.724187,0,0.77
2024-06-08,0.06768,0.06876,0.06331,0.0639,25975074.8,1717891199999,1718654.823302,27777,13433471.7,889316.232073,0,0.72
2024-06-09,0.06385,0.06521,0.06316,0.06455,13598641.6,1717977599999,875557.457466,15882,6781644.3,436596.302208,0,0.75
2024-06-10,0.06458,0.06478,0.06198,0.0624,20104657.1,1718063999999,1275605.474145,19136,10163711.6,645724.981132,0,0.72
2024-06-11,0.06241,0.06276,0.05822,0.05978,34935523.7,1718150399999,2111443.951935,28205,17998416.3,1087416.963992,0,0.74
2024-06-12,0.05975,0.06463,0.05839,0.06245,46632398.2,1718236799999,2908537.863354,39072,25515500.6,1593452.893584,0,0.72
2024-06-13,0.06245,0.06287,0.0591,0.05954,33740979.7,1718323199999,2060108.18477,30160,16298077.5,996472.512832,0,0.7
2024-06-14,0.05958,0.0609,0.05599,0.05757,27564221.3,1718409599999,1615565.958843,27296,13063343.9,765294.754132,0,0.74
2024-06-15,0.05763,0.05838,0.0566,0.05686,19149497.9,1718495999999,1104117.830112,13794,9176043.0,529425.497118,0,0.74
2024-06-16,0.05687,0.05863,0.05588,0.05848,16151354.9,1718582399999,923936.218973,14514,9000183.3,514559.256768,0,0.71
2024-06-17,0.05847,0.05869,0.0512,0.05309,34779856.8,1718668799999,1887701.437239,25308,16978598.0,920096.542072,0,0.71
2024-06-18,0.05308,0.05331,0.04451,0.04699,81519786.2,1718755199999,3833847.130237,57870,41166872.2,1933414.225734,0,0.74
2024-06-19,0.04701,0.04915,0.04663,0.04784,20107586.8,1718841599999,968460.272597,15935,9482700.6,456763.138502,0,0.64
2024-06-20,0.04786,0.05065,0.0475,0.04853,22193890.8,1718927999999,1084883.635876,19958,10893721.2,532535.625365,0,0.6
2024-06-21,0.04856,0.04968,0.04743,0.04835,20655587.3,1719014399999,1004148.814298,15135,9485240.7,460865.614405,0,0.63
2024-06-22,0.04836,0.0484,0.04704,0.04729,12257757.4,1719100799999,584450.846263,8696,5781919.3,275821.095646,0,0.53
2024-06-23,0.04731,0.04831,0.04527,0.04585,16626338.8,1719187199999,780796.698102,12266,9303228.8,436870.814225,0,0.55
2024-06-24,0.04584,0.04698,0.04368,0.04684,50624640.7,1719273599999,2300855.791959,30861,26813373.9,1219329.984837,0,0.51
2024-06-25,0.0468,0.04859,0.04643,0.04787,18028769.7,1719359999999,860609.298065,13202,9666447.2,461788.273065,0,0.3
2024-06-26,0.04788,0.04855,0.04658,0.04728,15734660.3,1719446399999,748313.796177,12692,7556860.2,359712.635051,0,0.46
2024-06-27,0.04728,0.04896,0.04619,0.04849,17887866.3,1719532799999,859474.125349,14962,8568962.6,412208.768925,0,0.4
2024-06-28,0.04852,0.04956,0.04717,0.04737,21456441.5,1719619199999,1041733.019742,17337,9814695.4,476796.415273,0,0.47
2024-06-29,0.04734,0.04806,0.04305,0.04312,58199220.7,1719705599999,2623796.981182,22681,27419222.4,1237232.051665,0,0.3
2024-06-30,0.04313,0.0467,0.04149,0.04648,55662025.2,1719791999999,2448107.403908,34915,28154250.4,1236387.136949,0,0.47
2024-07-01,0.04647,0.04711,0.04495,0.04554,25436327.8,1719878399999,1174163.724971,18348,11307015.2,522280.843592,0,0.53
2024-07-02,0.04554,0.04637,0.04501,0.04588,11695782.8,1719964799999,533364.73838,7702,5323303.7,242908.685704,0,0.51
2024-07-03,0.04586,0.04617,0.04281,0.04337,19791733.6,1720051199999,873824.109544,12935,9338852.3,412530.222428,0,0.5
2024-07-04,0.04336,0.04367,0.03719,0.03756,38722630.7,1720137599999,1566865.424067,31464,19803827.4,801618.46293,0,0.44
2024-07-05,0.03756,0.03819,0.0322,0.03612,151020461.7,1720223999999,5406250.161347,89958,77669889.6,2780533.682942,0,0.29
2024-07-06,0.03612,0.03917,0.03585,0.03891,29474456.0,1720310399999,1105878.998351,24955,13742905.4,515617.069012,0,0.26
2024-07-07,0.0389,0.0394,0.03634,0.0366,22816205.6,1720396799999,866562.912048,18537,10798366.3,409492.059586,0,0.29
2024-07-08,0.03661,0.03907,0.03506,0.03799,40215487.9,1720483199999,1501891.488651,31460,20110533.7,752170.873796,0,0.28
2024-07-09,0.038,0.0402,0.03765,0.03999,27991376.1,1720569599999,1088395.501539,23365,13894878.6,541466.924137,0,0.27
2024-07-10,0.03999,0.04057,0.03882,0.03969,23538662.7,1720655999999,932156.062991,21662,10627357.7,420990.517006,0,0.28
2024-07-11,0.03968,0.04072,0.03843,0.03853,20080400.8,1720742399999,796702.700944,20180,9064109.9,359805.62811,0,0.29
2024-07-12,0.03857,0.04026,0.03829,0.04007,16114119.8,1720828799999,632913.908968,15369,8699881.5,341094.668059,0,0.25
2024-07-13,0.04007,0.04098,0.03985,0.0405,13576954.9,1720915199999,546883.845387,14570,7009748.1,282488.069467,0,0.25
2024-07-14,0.04052,0.0421,0.04024,0.04172,15619124.8,1721001599999,641103.017084,15564,7166020.4,294162.424191,0,0.33
2024-07-15,0.04172,0.04363,0.0415,0.04355,30218417.0,1721087999999,1283427.233903,22323,14953542.3,636058.802077,0,0.52
2024-07-16,0.0435,0.04409,0.04096,0.04373,41150067.3,1721174399999,1766234.224442,40981,19859249.3,852648.545559,0,0.65
2024-07-17,0.04376,0.04557,0.04289,0.04347,31311167.0,1721260799999,1387282.652401,29739,14993152.2,664663.317211,0,0.69
2024-07-18,0.04348,0.0448,0.04222,0.04323,21968138.5,1721347199999,961434.978965,20380,9793955.8,428598.497334,0,0.61
2024-07-19,0.04321,0.04462,0.0421,0.04445,22413564.8,1721433599999,971667.745503,19903,11550295.4,501551.675499,0,0.6
2024-07-20,0.04443,0.04522,0.04378,0.04457,16247162.2,1721519999999,723896.985719,13632,7893438.5,351903.300851,0,0.74
2024-07-21,0.04457,0.04549,0.04308,0.04511,20649523.1,1721606399999,923595.623918,14758,10139640.3,453701.914282,0,0.74
2024-07-22,0.04513,0.04536,0.04256,0.04284,32303483.5,1721692799999,1419302.06104,19399,15364378.6,675356.341024,0,0.7
2024-07-23,0.04277,0.04373,0.04033,0.04115,19838319.4,1721779199999,834168.307285,11584,9179761.4,386270.946242,0,0.71
2024-07-24,0.04124,0.04214,0.03985,0.04041,12317532.0,1721865599999,506190.98831,7272,5972887.4,245350.294826,0,0.69
2024-07-25,0.04041,0.04068,0.03803,0.03989,19229384.4,1721951999999,752094.023829,10549,8428486.6,329928.138919,0,0.68
2024-07-26,0.03983,0.04192,0.03976,0.04174,11489600.5,1722038399999,470662.11342,7626,5804936.8,237877.145994,0,0.68
2024-07-27,0.04183,0.04246,0.04061,0.04145,15097765.8,1722124799999,628821.319831,10654,7283395.9,303735.338951,0,0.72
2024-07-28,0.04149,0.04171,0.0405,0.04095,8902264.7,1722211199999,364739.509684,6295,3974452.5,162850.563148,0,0.71
2024-07-29,0.04096,0.049,0.04096,0.04417,294773031.5,1722297599999,13477690.676864,148435,149332188.4,6822625.001111,0,0.74
2024-07-30,0.04417,0.04638,0.041,0.0414,128031561.8,1722383999999,5642202.530299,58147,59634969.7,2632683.941431,0,0.67
2024-07-31,0.0414,0.04311,0.04113,0.04231,36155678.3,1722470399999,1525398.427851,20255,16892543.4,713004.520523,0,0.61
2024-08-01,0.04234,0.04326,0.03714,0.04082,64957335.6,1722556799999,2637939.142702,27978,30369756.9,1232267.38194,0,0.52
2024-08-02,0.0408,0.04134,0.0372,0.03751,36035663.2,1722643199999,1410913.710488,16288,17397663.8,681395.645932,0,0.57
2024-08-03,0.03748,0.03818,0.03487,0.03573,28620363.3,1722729599999,1044459.336311,14491,13874705.0,507407.615807,0,0.37
2024-08-04,0.03566,0.03653,0.03281,0.03382,28308552.0,1722815999999,980166.864334,12237,13169201.7,456057.869077,0,0.34
2024-08-05,0.03385,0.03424,0.02696,0.03052,110006482.6,1722902399999,3261943.727566,46387,55156507.4,1634982.717521,0,0.26
2024-08-06,0.03046,0.0332,0.03045,0.03278,27997448.1,1722988799999,904120.878497,14820,13704902.8,442448.021727,0,0.17
2024-08-07,0.03273,0.03409,0.03119,0.03146,31615600.6,1723075199999,1031457.542637,22365,13917794.4,456034.938944,0,0.29
2024-08-08,0.03144,0.03505,0.03072,0.03495,28146161.1,1723161599999,940513.891621,13680,15295527.9,513016.619003,0,0.2
2024-08-09,0.03495,0.03499,0.03336,0.03389,23532992.5,1723247999999,802479.184026,14809,11810446.7,403663.115062,0,0.48
2024-08-10,0.03384,0.0344,0.03322,0.03414,13125362.1,1723334399999,445880.76035,10260,6354245.0,215964.267596,0,0.4
2024-08-11,0.03408,0.0349,0.0316,0.03173,25961430.1,1723420799999,873546.05999,14016,9678148.3,326320.56943,0,0.39
2024-08-12,0.03171,0.03427,0.03147,0.03331,37308390.2,1723507199999,1230137.139768,20811,16620611.4,548745.284909,0,0.25
2024-08-13,0.03328,0.03396,0.03228,0.03347,24009422.5,1723593599999,793870.518745,14266,11997037.7,396661.141724,0,0.31
2024-08-14,0.03348,0.03403,0.03243,0.03348,40923462.7,1723679999999,1369792.706793,20107,21878224.6,732369.96979,0,0.3
2024-08-15,0.03346,0.03539,0.0315,0.03203,83862538.5,1723766399999,2819454.445024,36318,38944274.0,1311827.055543,0,0.29
2024-08-16,0.03202,0.03335,0.03136,0.03308,26605630.4,1723852799999,857495.521402,13141,13492028.4,434724.281938,0,0.27
2024-08-17,0.03304,0.03388,0.03249,0.03388,18248546.0,1723939199999,605621.573705,9351,8124331.4,269565.639752,0,0.25
2024-08-18,0.03388,0.03521,0.03336,0.0344,23029490.8,1724025599999,794950.181179,9968,9504369.9,328194.925626,0,0.31
2024-08-19,0.0344,0.0514,0.03421,0.0404,1141993396.3,1724111999999,49759730.146374,479732,570043011.3,24800316.713661,0,0.28
2024-08-20,0.0404,0.04569,0.03918,0.0402,470958965.1,1724198399999,19371618.113946,174082,231314161.3,9530315.108625,0,0.3
2024-08-21,0.04021,0.04184,0.03959,0.04105,213862446.6,1724284799999,8715242.832514,66977,98441828.8,4010459.789773,0,0.26
2024-08-22,0.04106,0.04211,0.04032,0.04049,81052903.5,1724371199999,3316317.681786,32001,39208703.9,1604776.619979,0,0.39
2024-08-23,0.04052,0.04279,0.04018,0.04215,111361407.6,1724457599999,4608803.311556,47353,58054046.4,2402644.830556,0,0.34
2024-08-24,0.04216,0.04547,0.04139,0.04391,135429691.6,1724543999999,5927284.494065,59880,69529293.0,3045246.910471,0,0.56
2024-08-25,0.04388,0.04443,0.04125,0.04156,88503054.7,1724630399999,3753577.412692,38571,41972592.1,1781233.730187,0,0.54
2024-08-26,0.04154,0.0435,0.0394,0.03998,97930172.4,1724716799999,4040681.263447,45648,47683744.4,1972600.180253,0,0.55
2024-08-27,0.03997,0.04093,0.036,0.03707,51244790.6,1724803199999,1990558.077726,24991,23452949.0,910430.040414,0,0.48
2024-08-28,0.03702,0.03849,0.0359,0.03749,49614299.9,1724889599999,1850014.413897,19020,24969414.4,931511.422715,0,0.3
2024-08-29,0.03748,0.039,0.03667,0.03736,33762482.1,1724975999999,1279002.329599,13637,16595042.8,629275.959256,0,0.29
2024-08-30,0.03737,0.03774,0.03563,0.0376,36081763.8,1725062399999,1336761.429234,13842,17618878.9,653649.768635,0,0.34
2024-08-31,0.03759,0.03801,0.03651,0.03683,16956739.1,1725148799999,630904.868679,6894,7109103.1,264676.447927,0,0.29
2024-09-01,0.03682,0.03695,0.03463,0.03496,24045527.7,1725235199999,866995.509959,10519,10348864.0,373760.218655,0,0.26
2024-09-02,0.03492,0.03692,0.03486,0.03678,27350462.4,1725321599999,983167.834209,10901,15235740.0,547888.675616,0,0.26
2024-09-03,0.03678,0.03733,0.03481,0.03489,26071436.1,1725407999999,937224.933872,11670,10502716.0,377481.448429,0,0.26
2024-09-04,0.0349,0.0363,0.03281,0.03582,22890239.9,1725494399999,796112.685886,10274,11686156.8,405460.745173,0,0.27
2024-09-05,0.03582,0.03689,0.03495,0.03535,25073768.4,1725580799999,900086.844619,11234,13478848.0,484562.520657,0,0.29
2024-09-06,0.03536,0.03603,0.03223,0.03357,55210399.7,1725667199999,1892145.245459,24238,26995721.7,925182.36193,0,0.22
2024-09-07,0.03356,0.03472,0.03328,0.0341,17939458.8,1725753599999,611495.69783,8464,8366665.6,285206.229333,0,0.23
2024-09-08,0.03411,0.03633,0.03409,0.03524,84317922.8,1725839999999,3000343.351951,28382,44277854.1,1576891.871415,0,0.29
2024-09-09,0.03527,0.03806,0.03525,0.03759,66227080.5,1725926399999,2452181.410824,21420,33851732.9,1254823.589392,0,0.26
2024-09-10,0.03761,0.03838,0.03688,0.03795,25493987.3,1726012799999,962138.365451,9781,11468251.8,432954.462728,0,0.33
2024-09-11,0.03793,0.0425,0.03598,0.04053,227223665.2,1726099199999,9118191.745948,80680,112440700.3,4517634.86586,0,0.37
2024-09-12,0.04052,0.04266,0.04022,0.04112,246583080.7,1726185599999,10185219.597586,91450,118251875.8,4886920.05001,0,0.31
2024-09-13,0.04111,0.04199,0.04018,0.04136,97473819.5,1726271999999,4008926.240249,37240,46688111.0,1921445.065071,0,0.32
2024-09-14,0.04136,0.04191,0.0401,0.04071,80401577.9,1726358399999,3300195.147462,29154,39311907.1,1615441.72349,0,0.5
2024-09-15,0.0407,0.0413,0.03892,0.03948,59687746.6,1726444799999,2418811.574349,21925,24983616.8,1013262.131518,0,0.51
2024-09-16,0.03946,0.03984,0.03832,0.03898,42870335.9,1726531199999,1671001.059233,14194,17125476.0,668194.261525,0,0.39
2024-09-17,0.03899,0.04169,0.03857,0.0401,88310574.5,1726617599999,3581243.634802,34395,43940510.8,1784839.457213,0,0.33
2024-09-18,0.0401,0.04145,0.03779,0.04145,52423416.3,1726703999999,2095084.217106,24159,26841848.5,1073890.308806,0,0.45
2024-09-19,0.04144,0.04472,0.04139,0.04341,106601864.3,1726790399999,4619208.244799,38877,49385902.2,2143834.174816,0,0.49
2024-09-20,0.04344,0.0449,0.0421,0.04352,98930226.9,1726876799999,4333756.557053,32379,45855310.9,2010972.333224,0,0.54
2024-09-21,0.0435,0.04465,0.04223,0.04391,64414335.8,1726963199999,2805374.882365,24841,31706519.9,1382666.44092,0,0.54
2024-09-22,0.04394,0.04406,0.04121,0.04265,45247235.3,1727049599999,1930717.760392,16448,20763317.1,886743.664853,0,0.52
2024-09-23,0.04264,0.04636,0.04167,0.04521,86635854.4,1727135999999,3854135.64853,33201,45906902.2,2045451.953344,0,0.5
2024-09-24,0.04523,0.048,0.04436,0.04676,145936689.5,1727222399999,6789063.084288,60882,71656752.7,3339051.077427,0,0.54
2024-09-25,0.04679,0.04853,0.04549,0.0466,83451741.6,1727308799999,3913941.342639,32011,41374168.2,1943022.637773,0,0.59
2024-09-26,0.04663,0.04835,0.04587,0.04782,80812454.4,1727395199999,3828721.333402,34468,37850017.0,1794834.63413,0,0.5
2024-09-27,0.04783,0.04922,0.04706,0.04852,62181166.3,1727481599999,3011360.51063,26233,31611306.0,1531796.122692,0,0.61
2024-09-28,0.04856,0.04922,0.04537,0.04662,40258263.7,1727567999999,1897244.891518,17622,18674784.4,880988.571424,0,0.64
2024-09-29,0.04665,0.04757,0.04486,0.04695,40756330.4,1727654399999,1889579.094241,21264,18782368.0,872142.062359,0,0.63
2024-09-30,0.04697,0.04742,0.04309,0.04328,44712342.7,1727740799999,2033439.297793,25237,20515073.5,936016.968999,0,0.61
2024-10-01,0.04328,0.04546,0.03802,0.03895,68134113.1,1727827199999,2830738.06857,36180,34028458.4,1416008.535955,0,0.5
2024-10-02,0.03892,0.04105,0.03728,0.03826,43033094.9,1727913599999,1686823.966326,17846,22502731.2,885290.82558,0,0.42
2024-10-03,0.0383,0.03912,0.03679,0.03828,29332908.9,1727999999999,1113564.64422,11789,13662188.4,519154.884009,0,0.37
2024-10-04,0.03828,0.03978,0.03816,0.03959,30363794.6,1728086399999,1187815.355885,9752,14598770.4,571531.286661,0,0.41
2024-10-05,0.03958,0.0399,0.0382,0.03906,15332395.0,1728172799999,599816.092514,5844,6320631.0,248042.545161,0,0.49
2024-10-06,0.03904,0.04028,0.03856,0.04003,22228339.8,1728259199999,878757.769139,9326,10373253.2,410847.806229,0,0.5
2024-10-07,0.03998,0.04092,0.03892,0.03899,30812429.3,1728345599999,1236689.9031,11982,13425539.6,539701.663876,0,0.5
2024-10-08,0.03899,0.03989,0.03807,0.03893,22084681.5,1728431999999,861200.152603,8861,9178194.6,357995.770229,0,0.49
2024-10-09,0.03893,0.0395,0.03675,0.03748,23096822.7,1728518399999,884555.63813,10637,10791886.6,413090.950497,0,0.49
2024-10-10,0.03747,0.03817,0.03632,0.03775,15920484.1,1728604799999,593993.295758,8144,7053063.1,263328.014225,0,0.39
2024-10-11,0.03769,0.03943,0.03759,0.03914,16744915.2,1728691199999,648449.194582,7165,8018797.6,310676.492771,0,0.32
2024-10-12,0.03917,0.04008,0.03913,0.03935,14630389.1,1728777599999,580807.818541,7170,6516902.3,258782.944095,0,0.49
2024-10-13,0.03944,0.03961,0.03798,0.03925,13512678.1,1728863999999,525373.929141,6588,6349703.3,247176.409113,0,0.5
2024-10-14,0.03925,0.04176,0.03879,0.0414,51829015.2,1728950399999,2113245.158145,20485,27763137.4,1132692.578771,0,0.48
2024-10-15,0.0414,0.04201,0.03955,0.04108,57063020.5,1729036799999,2335894.971181,21229,28477337.8,1166499.427323,0,0.65
2024-10-16,0.04107,0.04427,0.03989,0.04109,152598716.0,1729123199999,6428457.741311,64178,77185871.5,3264612.029065,0,0.73
2024-10-17,0.0411,0.04206,0.03891,0.04023,100565457.2,1729209599999,4109121.214777,42001,52296539.4,2141406.303009,0,0.71
2024-10-18,0.04021,0.04279,0.04005,0.04225,58974333.3,1729295999999,2440694.839833,19901,28576715.0,1184535.552163,0,0.73
2024-10-19,0.04225,0.04304,0.04045,0.04145,37440923.6,1729382399999,1552952.207167,13009,17028401.7,708877.563924,0,0.72
2024-10-20,0.04147,0.0724,0.04074,0.06023,1229645939.7,1729468799999,71223715.128161,435407,630357748.5,36412110.003847,0,0.73
2024-10-21,0.06025,0.06766,0.05219,0.05348,1071832162.4,1729555199999,63064980.944881,423936,531285685.1,31269865.769523,0,0.72
2024-10-22,0.05348,0.05416,0.04933,0.05011,204321915.5,1729641599999,10490081.982408,71354,95147466.0,4887109.771028,0,0.7
2024-10-23,0.05011,0.05073,0.04511,0.04599,178266194.6,1729727999999,8518435.993794,68648,79904722.7,3818767.56007,0,0.71
2024-10-24,0.04601,0.04723,0.0445,0.04606,254451047.0,1729814399999,11691932.125682,98666,127026726.0,5840617.904462,0,0.69
2024-10-25,0.04607,0.055,0.04375,0.04559,757898574.8,1729900799999,37778734.373219,287411,385702684.7,19231356.570831,0,0.72
2024-10-26,0.04557,0.0484,0.04495,0.04615,165545042.9,1729987199999,7719834.914775,65080,84232610.0,3928022.940806,0,0.72
2024-10-27,0.04617,0.0467,0.04451,0.0453,97642228.8,1730073599999,4431038.370945,36965,46766733.8,2122108.241035,0,0.74
2024-10-28,0.04531,0.04548,0.04252,0.04441,124052212.5,1730159999999,5468443.644291,41420,62832157.6,2770195.951664,0,0.72
2024-10-29,0.04444,0.04831,0.04444,0.04629,131059804.6,1730246399999,6061438.590136,49818,65031802.5,3008426.33532,0,0.72
2024-10-30,0.04631,0.04899,0.04519,0.04667,155153485.3,1730332799999,7293663.908993,58726,80613892.7,3792698.371878,0,0.77
2024-10-31,0.04666,0.0485,0.04433,0.04527,198053725.8,1730419199999,9289386.90247,75248,98690739.5,4635281.015683,0,0.77
2024-11-01,0.04524,0.04639,0.04265,0.04379,75953052.2,1730505599999,3389653.550351,29358,34347605.1,1537012.247758,0,0.75
2024-11-02,0.0438,0.04458,0.042,0.04239,31018566.1,1730591999999,1334009.017226,13199,15504006.9,667217.921054,0,0.72
2024-11-03,0.04245,0.0427,0.03876,0.0406,50140773.1,1730678399999,2030763.086264,22214,24982488.8,1012019.80384,0,0.74
2024-11-04,0.04064,0.04145,0.03864,0.03973,36913841.5,1730764799999,1482960.054013,18113,20008836.1,804903.474699,0,0.7
2024-11-05,0.03979,0.04202,0.03975,0.04134,54010787.0,1730851199999,2221302.569155,20879,27718453.0,1139684.353058,0,0.7
2024-11-06,0.04137,0.05021,0.04134,0.04682,265501342.5,1730937599999,12276044.652512,109607,137752626.1,6370374.99024,0,0.7
2024-11-07,0.04681,0.0491,0.04533,0.04778,195725198.4,1731023999999,9318601.788728,73593,99666025.3,4744919.72349,0,0.77
2024-11-08,0.04778,0.04822,0.04609,0.04717,131223352.7,1731110399999,6205592.079453,44937,71571188.5,3386740.692636,0,0.75
2024-11-09,0.04718,0.05989,0.04636,0.05167,519419121.9,1731196799999,27820929.313137,201819,273843514.2,14656499.407332,0,0.75
2024-11-10,0.05167,0.05348,0.04943,0.05225,219485216.9,1731283199999,11387814.176949,104906,108407677.4,5630053.387173,0,0.78
2024-11-11,0.05227,0.05412,0.05075,0.05388,159993527.5,1731369599999,8423506.523167,69161,83658038.5,4405093.394494,0,0.76
2024-11-12,0.05388,0.0567,0.04972,0.05284,239349065.0,1731455999999,12708814.240611,125186,124940186.9,6635227.365646,0,0.8
2024-11-13,0.05288,0.05388,0.04798,0.05078,358318454.5,1731542399999,18140255.362673,191219,186604532.6,9448530.902688,0,0.84
2024-11-14,0.0508,0.05356,0.04884,0.04975,142281860.5,1731628799999,7307418.351635,78194,77903769.4,4001756.802442,0,0.88
2024-11-15,0.04972,0.05211,0.0479,0.05177,68114995.3,1731715199999,3388689.091795,40164,34879518.1,1733213.376752,0,0.8
2024-11-16,0.05178,0.05632,0.05143,0.05417,237711588.6,1731801599999,12750635.080494,103460,124015013.6,6657633.29884,0,0.86
2024-11-17,0.05418,0.05525,0.05016,0.05124,150016523.9,1731887999999,8001381.648035,70751,77269751.5,4125315.907911,0,0.9
2024-11-18,0.05125,0.05523,0.05085,0.05402,137545875.8,1731974399999,7340242.415657,61377,69529193.3,3709697.662732,0,0.83
2024-11-19,0.05402,0.05606,0.05183,0.05395,158832202.7,1732060799999,8616336.870285,64840,77279095.1,4193287.049964,0,0.9
2024-11-20,0.05378,0.05734,0.05,0.05123,225151589.0,1732147199999,12265823.961587,98125,115119304.0,6277439.727442,0,0.83
2024-11-21,0.05124,0.05491,0.0495,0.05432,94869359.7,1732233599999,5053779.99477,43035,46992114.6,2499316.479964,0,0.82
2024-11-22,0.05432,0.05525,0.05221,0.05473,84730664.6,1732319999999,4559995.740124,42417,42319316.9,2278306.69214,0,0.94
2024-11-23,0.05476,0.05914,0.05412,0.05773,184400707.3,1732406399999,10550676.988583,80328,96805453.1,5537085.372106,0,0.93
2024-11-24,0.05762,0.06065,0.05444,0.05977,151960749.5,1732492799999,8814039.914054,76495,77545948.6,4502183.330052,0,0.8
2024-11-25,0.05977,0.0602,0.05509,0.05661,115616517.2,1732579199999,6757788.983883,65052,61104842.2,3571551.14888,0,0.82
2024-11-26,0.05661,0.05934,0.05226,0.05512,116489325.8,1732665599999,6405659.629158,66996,56691259.4,3112761.47876,0,0.79
2024-11-27,0.0551,0.0611,0.05411,0.06012,91329920.3,1732751999999,5284104.016799,51375,45597646.1,2641649.158885,0,0.75
2024-11-28,0.06013,0.06073,0.05672,0.05855,75485280.7,1732838399999,4441457.31462,40994,37235186.4,2191257.508034,0,0.77
2024-11-29,0.05852,0.06021,0.05741,0.05979,64884396.6,1732924799999,3829772.727179,39378,34249445.0,2022265.271321,0,0.78
2024-11-30,0.05979,0.06557,0.05898,0.06314,168891036.4,1733011199999,10756736.509034,84950,88985718.9,5665142.135323,0,0.84
2024-12-01,0.06312,0.06509,0.06101,0.06427,85147766.8,1733097599999,5410176.629501,46942,43416027.4,2757079.108593,0,0.81
2024-12-02,0.06427,0.06526,0.05976,0.06468,104317959.8,1733183999999,6563591.041536,63989,50044967.1,3148708.412167,0,0.8
2024-12-03,0.06466,0.07334,0.06362,0.07231,283267802.9,1733270399999,19563231.084634,176588,147531095.2,10188414.168665,0,0.76
2024-12-04,0.07235,0.07538,0.07004,0.072,159120505.4,1733356799999,11603770.981024,99904,76165095.4,5554300.709774,0,0.78
2024-12-05,0.07201,0.07574,0.06828,0.07136,149327092.7,1733443199999,10809003.418625,94142,74744190.2,5412917.622392,0,0.84
2024-12-06,0.07131,0.07369,0.06838,0.07215,105005366.9,1733529599999,7508553.368286,74024,57613775.4,4115716.990739,0,0.72
2024-12-07,0.07215,0.07283,0.07024,0.0704,58864099.7,1733615999999,4217023.544975,48925,31542024.7,2259951.790936,0,0.75
2024-12-08,0.07041,0.07621,0.068,0.07411,132532027.4,1733702399999,9588938.344473,85377,62678377.9,4539643.673093,0,0.79
2024-12-09,0.0741,0.0761,0.0506,0.06071,245210336.0,1733788799999,16710837.181601,168898,123475934.7,8436261.781547,0,0.78
2024-12-10,0.06072,0.06268,0.05261,0.05765,128793079.9,1733875199999,7485567.933989,77611,60345544.6,3515365.725548,0,0.78
2024-12-11,0.05767,0.0631,0.05575,0.06267,54016459.3,1733961599999,3237846.334354,36901,25751256.7,1544319.85242,0,0.74
2024-12-12,0.06268,0.06673,0.06206,0.06429,74135840.5,1734047999999,4796436.109589,47188,35273872.7,2282910.350413,0,0.83
2024-12-13,0.0643,0.06502,0.06198,0.06487,64141240.4,1734134399999,4079406.609549,38651,30798079.3,1960225.046267,0,0.76
2024-12-14,0.06481,0.06535,0.05956,0.06091,50355269.1,1734220799999,3127468.271996,33033,23884407.5,1486590.139959,0,0.83
2024-12-15,0.06092,0.06301,0.05868,0.06283,50521754.4,1734307199999,3079652.246903,33022,25918455.6,1578598.606897,0,0.8
2024-12-16,0.06286,0.06448,0.05948,0.06033,51969113.1,1734393599999,3197321.31011,36720,25340037.4,1557937.018571,0,0.83
2024-12-17,0.06033,0.06083,0.05679,0.05733,46675086.9,1734479999999,2756450.498192,32174,24328878.4,1437242.443434,0,0.87
2024-12-18,0.05745,0.05778,0.0507,0.05167,68667093.4,1734566399999,3785462.844313,44771,33639736.2,1853895.677742,0,0.81
2024-12-19,0.05165,0.05393,0.04646,0.04845,78761552.6,1734652799999,3959153.812823,49544,39459122.9,1986855.604614,0,0.75
2024-12-20,0.04846,0.05051,0.04174,0.04991,80510016.8,1734739199999,3707324.437892,47262,39239595.3,1809321.878242,0,0.74
2024-12-21,0.04985,0.05282,0.04651,0.04727,44634521.5,1734825599999,2182336.574039,23717,21861005.8,1069657.454914,0,0.73
2024-12-22,0.04731,0.0488,0.04563,0.04706,38686447.1,1734911999999,1831365.106531,22857,19616481.9,929168.552197,0,0.73
2024-12-23,0.04704,0.05128,0.04587,0.05046,48679054.9,1734998399999,2351478.608062,28121,22588611.4,1091372.9975,0,0.7
2024-12-24,0.05047,0.05312,0.04901,0.05194,36520259.5,1735084799999,1874062.224803,23817,18401648.7,945066.420877,0,0.73
2024-12-25,0.05196,0.05318,0.05105,0.05186,26485616.9,1735171199999,1381048.151079,15475,13003234.3,678445.55328,0,0.73
2024-12-26,0.05188,0.05244,0.04827,0.04905,38704215.0,1735257599999,1934532.756778,21551,19113735.7,952537.815421,0,0.79
2024-12-27,0.04904,0.05182,0.0488,0.04964,32748468.1,1735343999999,1643139.049895,17958,16756293.5,840325.03439,0,0.74
2024-12-28,0.04964,0.05578,0.04925,0.05211,129178100.7,1735430399999,6868295.116262,55766,69901379.0,3719424.25931,0,0.72
2024-12-29,0.05208,0.05282,0.0499,0.0507,41572914.7,1735516799999,2148992.15918,18906,19244595.9,994904.430362,0,0.73
2024-12-30,0.0507,0.05226,0.04806,0.04956,47912063.5,1735603199999,2392683.055557,21464,22785843.1,1137460.047491,0,0.65
2024-12-31,0.04956,0.05042,0.04799,0.04846,29281885.5,1735689599999,1436220.945312,13872,14950687.1,733711.049582,0,0.64
2025-01-01,0.04836,0.05036,0.04735,0.05026,21067595.0,1735775999999,1025892.438803,12180,10508779.7,512238.523704,0,0.66
2025-01-02,0.05027,0.05212,0.04992,0.05111,24846404.4,1735862399999,1274981.983322,17461,12424585.8,637761.303561,0,0.7
2025-01-03,0.05111,0.0536,0.05031,0.05329,26810046.0,1735948799999,1400977.690603,19074,12030604.7,627986.701734,0,0.74
2025-01-04,0.05332,0.05429,0.05236,0.05317,24469406.4,1736035199999,1306097.356036,15728,11251090.0,600856.206758,0,0.73
2025-01-05,0.05317,0.05394,0.05222,0.05331,21989169.2,1736121599999,1165384.599629,16133,9564456.8,506888.227369,0,0.72
2025-01-06,0.05333,0.05461,0.05233,0.05349,37316913.5,1736207999999,2003363.659662,20433,19621684.5,1054240.526972,0,0.76
2025-01-07,0.05348,0.05357,0.04762,0.04762,42945589.7,1736294399999,2177205.278041,29995,20758595.0,1051173.38091,0,0.78
2025-01-08,0.04765,0.04814,0.04394,0.04616,36553156.2,1736380799999,1685225.054103,22967,18780828.6,866414.523962,0,0.7
2025-01-09,0.04616,0.04662,0.04429,0.04556,45055590.6,1736467199999,2050244.795266,23871,24376173.8,1109367.645425,0,0.69
2025-01-10,0.04558,0.04731,0.04517,0.04656,27587461.0,1736553599999,1282183.434017,11609,13385893.3,622350.086814,0,0.5
2025-01-11,0.04654,0.04706,0.04588,0.04627,12957187.7,1736639999999,601239.607356,8004,7467643.6,346489.566467,0,0.69
2025-01-12,0.0463,0.04686,0.04537,0.04546,15108598.5,1736726399999,697431.790617,7557,6992114.0,323166.792997,0,0.62
2025-01-13,0.0455,0.04664,0.04143,0.0441,52485243.2,1736812799999,2283430.435389,22671,27188794.0,1182420.405474,0,0.61
2025-01-14,0.04411,0.04597,0.04395,0.0457,22596732.3,1736899199999,1012554.338183,10896,10698629.5,479742.373581,0,0.63
2025-01-15,0.0457,0.04766,0.04471,0.04764,30744892.7,1736985599999,1426142.207465,16836,15078841.3,699314.245537,0,0.7
2025-01-16,0.04766,0.04801,0.04612,0.047,30116304.5,1737071999999,1423405.153879,20501,14453094.8,683261.45144,0,0.75
2025-01-17,0.04702,0.05555,0.04689,0.05172,153892880.9,1737158399999,8015088.181296,77481,80049847.4,4174044.809541,0,0.75
2025-01-18,0.05175,0.05214,0.0472,0.04841,66710872.7,1737244799999,3254251.937796,37171,29947075.8,1456755.519052,0,0.77
2025-01-19,0.04832,0.04957,0.04273,0.04353,90650066.7,1737331199999,4187881.801256,57087,43461214.1,2005959.82,0,0.77
2025-01-20,0.04353,0.04729,0.04163,0.04333,79160812.6,1737417599999,3499934.737011,49660,40850663.6,1806881.042528,0,0.76
2025-01-21,0.04333,0.04501,0.041,0.04421,47167400.9,1737503999999,2021227.114659,29213,22050184.5,944901.441897,0,0.76
2025-01-22,0.04417,0.04461,0.04283,0.04302,22684770.2,1737590399999,995675.192741,14884,10659640.7,468499.140294,0,0.84
2025-01-23,0.043,0.04384,0.04155,0.04321,26233906.5,1737676799999,1116513.833564,15201,12596969.2,536721.967736,0,0.75
2025-01-24,0.0432,0.04367,0.04112,0.04132,39074033.2,1737763199999,1668434.705106,16795,19200706.7,820500.139695,0,0.75
2025-01-25,0.0413,0.04268,0.04063,0.04165,29869629.2,1737849599999,1251660.869714,13295,15604632.2,654484.56983,0,0.75
2025-01-26,0.04166,0.04937,0.04151,0.04203,245001984.6,1737935999999,11214330.503082,104706,124400986.0,5697077.586776,0,0.73
2025-01-27,0.04202,0.04235,0.03777,0.04056,96353021.9,1738022399999,3832475.418141,43886,46730801.0,1858332.469275,0,0.71
2025-01-28,0.04057,0.04149,0.03809,0.0384,40104522.7,1738108799999,1616250.816293,16219,19257192.4,777024.618037,0,0.72
2025-01-29,0.03838,0.04094,0.03826,0.03971,43249305.4,1738195199999,1713810.728896,15189,19815535.3,784898.522433,0,0.72
2025-01-30,0.03974,0.04258,0.0395,0.04113,33050983.6,1738281599999,1368421.945129,14056,16078334.5,665506.199284,0,0.7
2025-01-31,0.04116,0.0429,0.04043,0.04145,26375880.9,1738367999999,1097733.969829,12453,12697750.5,528492.517145,0,0.76
2025-02-01,0.0415,0.06187,0.04115,0.04933,1146270492.3,1738454399999,57457581.260333,450934,584993569.6,29330879.332492,0,0.68
2025-02-02,0.04935,0.0561,0.03923,0.04067,1090159859.4,1738540799999,52800651.530136,506296,545329003.6,26397068.738143,0,0.6
2025-02-03,0.04067,0.04083,0.0295,0.04006,401209857.0,1738627199999,14906887.598959,182714,203738167.4,7586061.067012,0,0.44
2025-02-04,0.04005,0.04226,0.03504,0.03639,270325271.3,1738713599999,10148667.480379,149960,136667217.2,5141217.619895,0,0.72
2025-02-05,0.0364,0.03726,0.03429,0.03493,143504498.2,1738799999999,5198232.121939,85884,74107184.0,2685199.998368,0,0.54
2025-02-06,0.03492,0.03518,0.03238,0.03267,80969213.4,1738886399999,2727449.699823,59149,41429498.7,1396320.240627,0,0.49
2025-02-07,0.03267,0.03961,0.03263,0.03562,508024006.4,1738972799999,18738621.711707,229296,270036415.7,9954284.937081,0,0.44
2025-02-08,0.03559,0.03859,0.03458,0.03568,279187031.3,1739059199999,10182830.789271,90312,139731996.0,5095028.926837,0,0.44
2025-02-09,0.03569,0.04567,0.03522,0.03901,580293184.3,1739145599999,23159961.931027,320384,291777672.0,11646449.37479,0,0.46
2025-02-10,0.039,0.04166,0.03782,0.03881,327181907.8,1739231999999,12908498.145051,181671,166176032.8,6553533.1693,0,0.43
2025-02-11,0.0388,0.04003,0.03657,0.0374,172335382.1,1739318399999,6654060.397417,76811,86013169.7,3319894.496188,0,0.47
2025-02-12,0.03739,0.03956,0.0355,0.03902,161954077.4,1739404799999,6085146.578636,84723,81814791.3,3074294.143882,0,0.46
2025-02-13,0.03902,0.03938,0.03715,0.03755,76250608.3,1739491199999,2900100.687285,48286,40029872.6,1522220.814385,0,0.5
2025-02-14,0.03757,0.03901,0.03737,0.03809,71720958.9,1739577599999,2730998.90735,25378,36031274.6,1371347.077943,0,0.48
2025-02-15,0.03808,0.03845,0.03669,0.03703,42145171.7,1739663999999,1578357.313399,16024,22905619.5,857572.553788,0,0.5
2025-02-16,0.03703,0.0379,0.03614,0.03682,59803555.0,1739750399999,2213774.480816,19025,30080575.1,1113965.362533,0,0.54
2025-02-17,0.03681,0.03788,0.03565,0.03654,62605964.8,1739836799999,2304115.522901,20404,31316794.8,1153087.295952,0,0.51
2025-02-18,0.03654,0.03685,0.03385,0.03535,63632681.9,1739923199999,2234177.307026,23776,28213358.3,990980.134067,0,0.47
2025-02-19,0.03535,0.03763,0.03527,0.03544,59830096.3,1740009599999,2161160.279608,17993,28909277.2,1044950.782116,0,0.44
2025-02-20,0.03545,0.03685,0.03544,0.03659,43503045.9,1740095999999,1580107.360465,14938,19323350.8,701801.738937,0,0.49
2025-02-21,0.03664,0.03862,0.0354,0.03581,83994592.9,1740182399999,3139432.395134,29853,39155983.2,1465629.858301,0,0.55
2025-02-22,0.03581,0.03948,0.03563,0.03763,115793716.5,1740268799999,4351742.811387,38024,60158153.9,2265196.528631,0,0.49
2025-02-23,0.03764,0.03808,0.03661,0.03712,40343563.1,1740355199999,1505983.91025,12080,19404449.5,723665.917874,0,0.5
2025-02-24,0.0371,0.03728,0.03237,0.03297,99191970.0,1740441599999,3491834.523099,31007,50596473.9,1785039.115726,0,0.49
2025-02-25,0.03297,0.03474,0.03127,0.03408,175455387.5,1740527999999,5909508.631466,74383,89785373.5,3025249.843513,0,0.25
2025-02-26,0.0341,0.03534,0.03315,0.0342,69743097.2,1740614399999,2392676.747722,42412,36787782.6,1262187.445703,0,0.21
2025-02-27,0.0342,0.03512,0.03331,0.03409,51553285.3,1740700799999,1771543.897704,34269,27105032.8,930707.732087,0,0.1
2025-02-28,0.03405,0.03436,0.03126,0.0336,64609685.4,1740787199999,2112072.165822,27151,31325859.2,1025120.503499,0,0.16
2025-03-01,0.0336,0.03372,0.03228,0.0332,27786832.0,1740873599999,919157.151087,12211,14195450.6,469844.39134,0,0.2
2025-03-02,0.0332,0.03619,0.03269,0.03598,68515787.6,1740959999999,2369943.198322,23350,32133382.6,1110869.188296,0,0.26
2025-03-03,0.03598,0.03609,0.03077,0.0311,63170870.0,1741046399999,2095512.840702,23377,30666247.3,1015481.407906,0,0.33
2025-03-04,0.03106,0.03127,0.02848,0.03024,55646558.0,1741132799999,1665981.058708,19023,28490001.1,853310.810605,0,0.15
2025-03-05,0.03022,0.03147,0.02988,0.03106,32266623.7,1741219199999,992095.187291,9839,15985691.3,491639.340847,0,0.2
2025-03-06,0.03106,0.03223,0.02973,0.03029,29637001.0,1741305599999,916765.52549,10423,13989260.8,432576.697682,0,0.25
2025-03-07,0.03028,0.0309,0.02855,0.02965,35064404.5,1741391999999,1053691.018268,12591,17259250.1,519302.141448,0,0.34
2025-03-08,0.02966,0.02992,0.02902,0.02942,29731074.6,1741478399999,879362.471289,7907,15996156.1,472938.940082,0,0.28
2025-03-09,0.02942,0.03,0.02564,0.02627,78341841.2,1741564799999,2193219.079983,19330,39382498.7,1102781.969341,0,0.27
2025-03-10,0.02627,0.02792,0.02466,0.02532,77216376.3,1741651199999,2044766.2067,17159,40073475.1,1061297.506904,0,0.2
2025-03-11,0.02533,0.02728,0.02357,0.02669,75484020.3,1741737599999,1938905.437437,18821,38361161.3,988036.744774,0,0.24
2025-03-12,0.02669,0.02771,0.02561,0.02736,39498426.5,1741823999999,1062613.526112,10718,19404867.8,522535.37971,0,0.34
2025-03-13,0.02739,0.02769,0.02619,0.02682,27445280.5,1741910399999,742705.444533,6875,13947045.9,377491.14358,0,0.45
2025-03-14,0.02682,0.02798,0.02674,0.02751,30435768.4,1741996799999,839457.581186,7568,15499858.9,427368.662064,0,0.27
2025-03-15,0.02751,0.02917,0.02736,0.02849,61907750.2,1742083199999,1757564.907223,13470,35290548.7,1002087.483747,0,0.46
2025-03-16,0.0285,0.02851,0.02668,0.02685,32588754.6,1742169599999,899267.316699,7321,14657252.6,404891.482683,0,0.3
2025-03-17,0.02686,0.02939,0.02682,0.02829,43965239.1,1742255999999,1235353.597729,9681,23195280.1,652466.309852,0,0.32
2025-03-18,0.02828,0.02836,0.02679,0.02766,31883914.0,1742342399999,877705.702864,8053,17040272.5,469121.992933,0,0.34
2025-03-19,0.02766,0.02842,0.02722,0.02839,58895857.8,1742428799999,1634380.665022,18315,29373363.5,815368.067898,0,0.32
2025-03-20,0.0284,0.02867,0.02691,0.02706,51741210.1,1742515199999,1442025.766012,16321,26502294.0,738621.376663,0,0.49
2025-03-21,0.027,0.02917,0.02646,0.02883,71717518.7,1742601599999,1986086.200027,17912,39736712.8,1103217.301607,0,0.31
2025-03-22,0.02881,0.03457,0.02839,0.03058,678892724.4,1742687999999,21236322.676238,194347,342269951.7,10689283.274572,0,0.32
2025-03-23,0.03057,0.0307,0.02882,0.02915,93389197.6,1742774399999,2765758.099651,30410,46902385.5,1388821.276004,0,0.3
2025-03-24,0.02913,0.0303,0.02891,0.02994,41812238.3,1742860799999,1242971.612968,13641,19189659.4,570504.762719,0,0.45
2025-03-25,0.02994,0.03044,0.02936,0.02989,50093342.7,1742947199999,1500809.392428,17002,26786507.9,802699.329831,0,0.46
2025-03-26,0.02993,0.03041,0.02893,0.02916,40248443.2,1743033599999,1196799.839582,11382,20128792.6,598873.565336,0,0.47
2025-03-27,0.02916,0.02985,0.02874,0.02906,17889094.1,1743119999999,523416.416911,5792,8948741.8,261826.563856,0,0.4
2025-03-28,0.02904,0.02934,0.02673,0.02723,38996568.0,1743206399999,1074530.777785,15260,20801740.5,572774.54094,0,0.44
2025-03-29,0.02723,0.0274,0.0255,0.0261,43446471.2,1743292799999,1140752.961878,12568,22314877.0,586157.760281,0,0.26
2025-03-30,0.0261,0.02724,0.02573,0.02612,43160400.0,1743379199999,1145225.743694,14499,23183488.6,615583.125149,0,0.32
2025-03-31,0.02612,0.02638,0.02514,0.02571,40625658.8,1743465599999,1049623.73502,14923,21090034.5,544909.899391,0,0.34
2025-04-01,0.0257,0.02667,0.02551,0.026,55886818.4,1743551999999,1455581.706267,11237,28752650.0,748534.069617,0,0.34
2025-04-02,0.02602,0.02602,0.02313,0.0234,43077490.0,1743638399999,1068414.387459,8890,19281527.5,478469.553022,0,0.44
2025-04-03,0.02338,0.02428,0.02221,0.02328,62495350.7,1743724799999,1440626.512818,15369,31178165.3,720234.998813,0,0.25
2025-04-04,0.02328,0.02372,0.02235,0.02335,41039409.6,1743811199999,946530.393946,11292,20561476.0,474073.078734,0,0.28
2025-04-05,0.02336,0.02361,0.02255,0.023,19948926.3,1743897599999,459651.202928,6110,9933851.0,228739.353143,0,0.3
2025-04-06,0.02302,0.02305,0.01981,0.02037,39465985.9,1743983999999,842956.567256,8936,18405243.7,392242.928721,0,0.34
2025-04-07,0.02033,0.02166,0.01859,0.02066,96318157.7,1744070399999,1939529.240812,19555,46174515.5,931710.754147,0,0.23
2025-04-08,0.02067,0.02137,0.01888,0.01903,38961781.3,1744156799999,780910.859345,10352,17418640.2,350294.487997,0,0.24
2025-04-09,0.01902,0.02147,0.01827,0.02119,63175870.9,1744243199999,1265013.677186,13017,32239755.2,646490.085069,0,0.18
2025-04-10,0.0212,0.0213,0.01981,0.02034,45267416.0,1744329599999,923877.091177,10625,24261966.0,495403.551451,0,0.39
2025-04-11,0.02032,0.0216,0.0203,0.02106,54943238.7,1744415999999,1158766.912977,11714,31794643.4,670581.491615,0,0.25
2025-04-12,0.02106,0.02324,0.02099,0.02196,54747737.3,1744502399999,1200916.445985,17593,28633924.0,630096.560306,0,0.43
2025-04-13,0.02198,0.02208,0.01995,0.02033,60648681.2,1744588799999,1288743.568439,13520,32671695.2,694162.130943,0,0.45
2025-04-14,0.02033,0.02121,0.02027,0.02057,40183671.6,1744675199999,834716.720431,9941,19759407.2,410345.289864,0,0.31
2025-04-15,0.02059,0.0225,0.02,0.02004,118685079.0,1744761599999,2534766.319031,24655,60538277.1,1292815.916741,0,0.38
2025-04-16,0.02005,0.0207,0.01964,0.01999,43842156.5,1744847999999,888201.086681,9948,20925081.7,424154.378574,0,0.29
2025-04-17,0.02,0.02062,0.01989,0.02023,24340549.4,1744934399999,493595.28486,5375,12638302.2,256374.11792,0,0.3
2025-04-18,0.02023,0.02317,0.02004,0.02131,160087493.8,1745020799999,3491497.121128,36761,82064699.6,1791329.854092,0,0.33
2025-04-19,0.02131,0.02196,0.02127,0.02184,52212639.6,1745107199999,1129551.780608,11602,26758210.3,579121.714781,0,0.32
2025-04-20,0.02185,0.02338,0.02168,0.02249,101894643.0,1745193599999,2283288.342101,28547,55237949.0,1237809.753689,0,0.37
2025-04-21,0.02251,0.02499,0.0224,0.02376,195780879.6,1745279999999,4594701.889903,36241,104071251.9,2443403.133099,0,0.39
2025-04-22,0.02378,0.02524,0.02251,0.02441,218977599.6,1745366399999,5232014.550788,34184,111445079.3,2663499.878486,0,0.47
2025-04-23,0.02444,0.02559,0.02402,0.02499,125804542.5,1745452799999,3118323.614102,30398,66117528.6,1638858.411769,0,0.72
2025-04-24,0.02499,0.02536,0.02393,0.02512,105828669.1,1745539199999,2626802.848259,35514,54706160.6,1358562.017676,0,0.63
2025-04-25,0.02512,0.02611,0.0247,0.02549,79242371.7,1745625599999,2024672.831252,21173,37673382.0,962244.989272,0,0.6
2025-04-26,0.02549,0.03289,0.02549,0.03013,392649162.6,1745711999999,11764542.726147,103145,206113839.2,6140910.805561,0,0.65
2025-04-27,0.03013,0.0308,0.02647,0.02648,212622398.2,1745798399999,6018343.226013,75559,104395083.5,2959834.433588,0,0.61
2025-04-28,0.02649,0.02705,0.0254,0.02621,84690796.6,1745884799999,2232685.009894,37050,38170691.5,1006218.433896,0,0.54
2025-04-29,0.02624,0.02672,0.02506,0.02541,56169857.2,1745971199999,1462580.107512,24136,26560415.1,691672.230272,0,0.6
2025-04-30,0.02541,0.02594,0.02434,0.0256,52779670.9,1746057599999,1337845.617118,15385,25692742.0,651226.462472,0,0.56
2025-05-01,0.02562,0.0278,0.02521,0.02543,119853218.7,1746143999999,3170356.079477,31123,62791508.3,1663158.089744,0,0.53
2025-05-02,0.02541,0.02579,0.02512,0.0254,36636104.5,1746230399999,932211.663247,12040,19446430.3,494728.636325,0,0.67
2025-05-03,0.02542,0.02548,0.02388,0.02437,35344006.9,1746316799999,875098.721803,11494,17255693.5,426948.122435,0,0.65
2025-05-04,0.02435,0.02447,0.02345,0.02366,26809280.3,1746403199999,639566.446803,8424,13762295.3,328319.976517,0,0.64
2025-05-05,0.0237,0.02425,0.02317,0.02364,49360969.9,1746489599999,1171869.628137,11513,22702384.3,539075.200833,0,0.52
2025-05-06,0.02366,0.02413,0.02213,0.02329,59432563.8,1746575999999,1381523.529792,11421,28954567.6,673559.342577,0,0.59
2025-05-07,0.02331,0.02386,0.02299,0.0236,40787325.0,1746662399999,956771.110735,8164,21234425.4,498057.052158,0,0.67
2025-05-08,0.02361,0.02623,0.02354,0.02609,68171920.7,1746748799999,1707598.140951,21762,33018778.6,827145.577017,0,0.65
2025-05-09,0.0261,0.02745,0.02594,0.0273,77589600.1,1746835199999,2073052.397977,29041,39459673.6,1054925.84645,0,0.73
2025-05-10,0.0273,0.02895,0.02717,0.02892,75406238.7,1746921599999,2101662.712161,22206,37367100.3,1041451.671121,0,0.7
2025-05-11,0.02892,0.02929,0.02696,0.02745,71206817.5,1747007999999,1994845.35674,22299,34278029.2,960727.057723,0,0.7
2025-05-12,0.02748,0.02871,0.0258,0.02763,146033286.2,1747094399999,3975966.341495,46696,65477906.6,1787038.620596,0,0.7
2025-05-13,0.02762,0.02855,0.02557,0.02819,76117982.4,1747180799999,2075075.585417,26229,37902909.2,1034163.136508,0,0.7
2025-05-14,0.0282,0.03076,0.02717,0.02737,236876820.4,1747267199999,6795147.137177,75328,125728797.5,3624658.222378,0,0.73
2025-05-15,0.02736,0.02749,0.02514,0.02597,99556143.9,1747353599999,2597339.818286,32690,46533323.4,1214017.851315,0,0.7
2025-05-16,0.02597,0.02795,0.02521,0.02545,140576458.0,1747439999999,3752692.634683,41026,73051229.6,1951268.580032,0,0.71
2025-05-17,0.02545,0.02554,0.02435,0.02488,39403694.0,1747526399999,979685.349029,15157,19414359.1,482718.958036,0,0.74
2025-05-18,0.02486,0.0262,0.02443,0.02589,45164708.0,1747612799999,1147776.876718,13625,22172624.4,563042.582258,0,0.74
2025-05-19,0.0259,0.026,0.02402,0.02551,43908438.8,1747699199999,1091336.06831,8853,22191778.2,551911.210426,0,0.74
2025-05-20,0.02549,0.02598,0.02448,0.02545,35856394.5,1747785599999,904001.786418,9646,18001862.6,453939.422394,0,0.71
2025-05-21,0.02545,0.02624,0.02487,0.02577,48152957.6,1747871999999,1227349.273242,15430,25176040.7,641281.669267,0,0.7
2025-05-22,0.02577,0.02716,0.02576,0.02699,46852047.4,1747958399999,1246941.552198,16187,22273590.5,592956.832438,0,0.72
2025-05-23,0.02699,0.02747,0.02461,0.02468,57124680.1,1748044799999,1493535.393716,22283,27199880.4,711018.597135,0,0.78
2025-05-24,0.02468,0.02528,0.02452,0.02473,26479208.8,1748131199999,660890.621719,10943,14045952.3,350790.302986,0,0.66
2025-05-25,0.0247,0.0249,0.02364,0.02484,38081201.8,1748217599999,926464.581572,9119,19314839.8,470526.374239,0,0.74
2025-05-26,0.02485,0.02535,0.02434,0.02459,23024956.9,1748303999999,574161.234701,6600,10935437.0,272632.774961,0,0.73
2025-05-27,0.0246,0.02575,0.02397,0.02544,26566465.5,1748390399999,668655.902685,7988,13405668.3,337625.57511,0,0.74
2025-05-28,0.02542,0.02579,0.02475,0.02546,35252944.3,1748476799999,891949.435847,9637,16082513.3,407363.172382,0,0.71
2025-05-29,0.02544,0.02595,0.02415,0.02422,39534403.1,1748563199999,989391.187821,13247,19353407.4,484475.044651,0,0.74
2025-05-30,0.02422,0.0244,0.02283,0.02351,17079826.2,1748649599999,398840.054558,3934,8025585.5,187234.411897,0,0.74
